{
  "project_info": {
    "project_number": "209759581081",
    "project_id": "student-430a7",
    "storage_bucket": "student-430a7.appspot.com"
  },
  "client": [
    {
      "client_info": {
        "mobilesdk_app_id": "1:209759581081:android:3e08d0256c5a2d21349908",
        "android_client_info": {
          "package_name": "com.example.student"
        }
      },
      "oauth_client": [
        {
          "client_id": "209759581081-r8l8jh3jmpettqkdmjs35vehakn5pu60.apps.googleusercontent.com",
          "client_type": 3
        }
      ],
      "api_key": [
        {
          "current_key": "AIzaSyBvQQbHvO9wGpIFKBwSOsD-rPc3An9yHa0"
        }
      ],
      "services": {
        "appinvite_service": {
          "other_platform_oauth_client": [
            {
              "client_id": "209759581081-r8l8jh3jmpettqkdmjs35vehakn5pu60.apps.googleusercontent.com",
              "client_type": 3
            }
          ]
        }
      }
    }
  ],
  "configuration_version": "1"
}
